{
  "Accounts": {
    "user1": {
      "password": "pass1",
      "image": "https://firebasestorage.googleapis.com/v0/b/hotel-da9e2.appspot.com/o/avatar-373-456325-512.png?alt=media&token=bf97a9bc-d3ff-44d8-8149-7516efad5039"
    },
    "user2": {
      "password": "pass2",
      "image": "https://firebasestorage.googleapis.com/v0/b/hotel-da9e2.appspot.com/o/avatar-370-456322-512.webp?alt=media&token=21617e25-bdab-4468-b50b-13c1d77fbbd3"
    }
  },
  "Rooms": [
    {
      "id": "0a2ce3a9-cc19-48eb-bb3b-faf492e5f591",
      "number": 1,
      "type": "standard",
      "occupancy": 4,
      "isCheckedIn": true,
      "checkInDate": "2021-04-01",
      "price": 150,
      "guest": "Golden Branch",
      "features": [
        "Laborum ea consectetur laboris sint ea veniam ad non nostrud sint tempor adipisicing labore.",
        "Elit laboris cillum sunt tempor amet ad adipisicing eu dolor laborum.",
        "Do pariatur amet cupidatat laboris enim laboris consequat proident voluptate.",
        "Mollit excepteur ex voluptate cupidatat esse consectetur eiusmod ipsum deserunt culpa ullamco et proident.",
        "Laborum do proident est nulla deserunt mollit occaecat."
      ],
      "gallery": [
        "https://firebasestorage.googleapis.com/v0/b/hotel-da9e2.appspot.com/o/standard-1.jpeg?alt=media&token=2c4bc075-1775-4222-a67d-7e52d366b177",
        "https://firebasestorage.googleapis.com/v0/b/hotel-da9e2.appspot.com/o/standard-2.jpeg?alt=media&token=f8cc0f89-6fbd-40be-b147-5f56f5c2800f"
      ],
      "description": "Veniam ex velit do dolore adipisicing eu est sit non. Veniam dolore magna duis ut laborum non veniam deserunt consequat irure proident et dolor. Nulla excepteur eiusmod sit nulla anim nisi ea quis quis eiusmod sunt aliquip Lorem ullamco. Nostrud commodo veniam est non anim laborum aliquip. Fugiat ipsum reprehenderit commodo sit aliqua elit elit culpa ad dolor exercitation culpa amet. Veniam reprehenderit irure irure deserunt.\n\nEx duis in dolore anim aliquip reprehenderit id dolor qui in ullamco pariatur. Elit anim in exercitation anim pariatur nisi eu veniam eu ut qui in dolor incididunt. In aliquip cillum mollit nisi elit proident labore in occaecat commodo deserunt et irure. Non enim est culpa amet velit deserunt. Veniam officia et cupidatat aute proident reprehenderit exercitation dolor aute ipsum quis irure. Fugiat quis non nisi aliquip. Occaecat elit non Lorem pariatur occaecat sint esse fugiat et do proident anim.\n\nCommodo laborum exercitation magna aliquip do anim exercitation nostrud aute veniam. Eiusmod laborum irure incididunt incididunt sit nulla. Exercitation nisi qui eu sint fugiat. Adipisicing reprehenderit exercitation eu consectetur non qui. Mollit tempor culpa sint voluptate et enim quis minim aute anim nisi dolor reprehenderit quis. Irure officia laborum anim labore qui esse do anim sit exercitation nostrud. Pariatur est voluptate eiusmod minim Lorem irure velit."
    },
    {
      "id": "0af64510-e023-4af5-b045-567f89df9eeb",
      "number": 2,
      "type": "suite",
      "occupancy": 3,
      "isCheckedIn": true,
      "checkInDate": "2021-04-18",
      "price": 320,
      "guest": "Ratliff Schwartz",
      "features": [
        "Cupidatat cupidatat culpa velit ullamco sunt aliquip incididunt excepteur adipisicing officia dolore amet.",
        "Adipisicing eiusmod ut sint ullamco sint aute esse ipsum nulla magna culpa qui dolor.",
        "Do enim ad ad esse cupidatat culpa magna reprehenderit duis proident minim.",
        "Quis minim aliqua culpa nulla nisi pariatur excepteur.",
        "Nostrud fugiat mollit irure in incididunt laborum ex non velit voluptate enim proident sint."
      ],
      "gallery": [
        "https://firebasestorage.googleapis.com/v0/b/hotel-da9e2.appspot.com/o/suite-1.jpeg?alt=media&token=d12d3799-31ef-424b-be92-dc6b482fba48",
        "https://firebasestorage.googleapis.com/v0/b/hotel-da9e2.appspot.com/o/suite-2.jpeg?alt=media&token=6edbef03-2a20-4e43-aaaf-16923968e9d1"
      ],
      "description": "Ut enim dolore tempor amet excepteur consequat deserunt duis ex. Deserunt esse amet dolore tempor Lorem tempor Lorem velit excepteur sit incididunt enim mollit. Consectetur dolor cillum cupidatat dolor Lorem labore excepteur. Voluptate aliqua nostrud labore fugiat pariatur duis proident. Labore nisi enim pariatur ipsum ullamco in in sint incididunt occaecat. Est esse irure irure ex ex amet in velit magna fugiat aliquip nisi.\n\nNulla ad amet consectetur irure proident labore aute. Minim ex duis dolore aliqua. Culpa elit sit sint ullamco culpa. Et non cupidatat in eu proident proident. Proident in irure elit ullamco reprehenderit velit commodo nostrud non deserunt ad consequat aute.\n\nConsectetur ea elit sit dolor ipsum in aliqua quis commodo ut eiusmod fugiat ad. Ex sint commodo fugiat aute dolor eu culpa. Laboris dolor ea do in tempor fugiat. Cupidatat cupidatat sunt occaecat minim veniam ea pariatur occaecat adipisicing incididunt. Consectetur labore exercitation eiusmod id occaecat nisi exercitation ex enim nisi Lorem. Consectetur Lorem sit commodo sint excepteur tempor deserunt est incididunt."
    },
    {
      "id": "6bdf38c7-b1d4-459c-9d38-5297a0b22443",
      "number": 3,
      "type": "suite",
      "occupancy": 4,
      "isCheckedIn": false,
      "checkInDate": null,
      "price": 350,
      "guest": "",
      "features": [
        "Labore occaecat aute eu magna aliqua sit tempor reprehenderit esse.",
        "Sunt qui deserunt qui ullamco occaecat exercitation eiusmod ea.",
        "Aute adipisicing nisi ea laborum aute tempor nulla duis deserunt.",
        "Dolor laborum ullamco deserunt laborum ad ullamco duis exercitation qui aliquip consectetur.",
        "Sunt sunt consectetur laborum nostrud adipisicing ex ea dolor enim irure exercitation."
      ],
      "gallery": [
        "https://firebasestorage.googleapis.com/v0/b/hotel-da9e2.appspot.com/o/suite-1.jpeg?alt=media&token=d12d3799-31ef-424b-be92-dc6b482fba48",
        "https://firebasestorage.googleapis.com/v0/b/hotel-da9e2.appspot.com/o/suite-2.jpeg?alt=media&token=6edbef03-2a20-4e43-aaaf-16923968e9d1"
      ],
      "description": "Ut culpa labore consequat irure cupidatat nulla enim nisi reprehenderit id. Irure ex dolor labore in non. Magna ut est dolore ex dolore Lorem reprehenderit reprehenderit ea aute adipisicing ipsum. Duis eu incididunt pariatur commodo duis. Exercitation laborum eu anim veniam id voluptate in exercitation eu ad consequat labore reprehenderit mollit.\n\nDo reprehenderit velit magna ipsum sint laboris laboris ex quis ad consectetur eiusmod excepteur. Laboris non cillum et incididunt Lorem officia laboris proident fugiat duis. Enim laboris labore consectetur enim laborum.\n\nVelit pariatur esse sunt cupidatat officia in amet nisi mollit. Laborum cillum non incididunt ad consectetur et. Do irure non magna tempor tempor esse qui id consequat cupidatat tempor id. Amet in cillum et eiusmod ea esse deserunt dolor. Culpa laborum enim occaecat excepteur occaecat minim est ea. Duis non ullamco quis aliquip deserunt labore enim anim nulla aliqua sit irure occaecat. Exercitation consectetur aute proident pariatur consequat occaecat amet occaecat quis esse sint qui labore."
    },
    {
      "id": "c317d45f-be6f-4775-9c6b-2cfaeae602ef",
      "number": 4,
      "type": "suite",
      "occupancy": 2,
      "isCheckedIn": true,
      "checkInDate": "2021-04-08",
      "price": 300,
      "guest": "Merritt Page",
      "features": [
        "In culpa minim dolore fugiat eiusmod.",
        "Elit veniam deserunt sint sint sint aliqua incididunt.",
        "Magna proident tempor duis sunt officia et nulla.",
        "Amet nostrud ipsum dolore nostrud mollit qui aliquip.",
        "Elit id fugiat id dolore aute fugiat eu irure laborum."
      ],
      "gallery": [
        "https://firebasestorage.googleapis.com/v0/b/hotel-da9e2.appspot.com/o/suite-1.jpeg?alt=media&token=d12d3799-31ef-424b-be92-dc6b482fba48",
        "https://firebasestorage.googleapis.com/v0/b/hotel-da9e2.appspot.com/o/suite-2.jpeg?alt=media&token=6edbef03-2a20-4e43-aaaf-16923968e9d1"
      ],
      "description": "Excepteur irure labore tempor officia enim consequat. Sit mollit nisi laborum qui. Dolore consequat elit duis sunt incididunt ipsum pariatur. Nostrud qui incididunt dolor in nulla ullamco ipsum nisi anim et proident mollit proident. Ullamco ut laborum sit ut elit ad minim ea. Nostrud duis reprehenderit exercitation deserunt incididunt pariatur eiusmod pariatur sunt est dolor reprehenderit dolore.\n\nCupidatat laboris amet est labore nostrud qui consequat. Aute ullamco aute cupidatat sit. Laborum in Lorem aute excepteur. Consectetur dolor mollit consectetur nulla enim id esse ea mollit. Elit officia consectetur aute sunt dolor do Lorem. Cillum ullamco minim ullamco labore.\n\nMollit velit commodo proident laborum quis consectetur Lorem esse id anim. Est enim officia occaecat laborum esse labore do. Enim est duis nostrud reprehenderit incididunt. Est adipisicing magna irure id dolor. Anim occaecat magna aute dolor consequat commodo nisi aute sit anim. Consectetur aute tempor qui proident culpa est do Lorem ea deserunt. Consequat mollit exercitation esse minim duis proident nisi magna irure reprehenderit cupidatat officia."
    },
    {
      "id": "c180e168-8b03-493e-abdc-9fb995bbd4f7",
      "number": 5,
      "type": "suite",
      "occupancy": 3,
      "isCheckedIn": false,
      "checkInDate": null,
      "price": 320,
      "guest": "",
      "features": [
        "Sint aliqua qui enim deserunt laboris nostrud voluptate officia tempor dolor pariatur.",
        "Ex sit ex magna minim laborum.",
        "Tempor enim irure non magna eiusmod cupidatat mollit nostrud labore occaecat dolor ullamco ad dolor.",
        "Nulla elit adipisicing commodo occaecat qui quis voluptate voluptate dolor.",
        "Labore magna amet pariatur pariatur duis sit voluptate qui est ea aute aute laboris amet."
      ],
      "gallery": [
        "https://firebasestorage.googleapis.com/v0/b/hotel-da9e2.appspot.com/o/suite-1.jpeg?alt=media&token=d12d3799-31ef-424b-be92-dc6b482fba48",
        "https://firebasestorage.googleapis.com/v0/b/hotel-da9e2.appspot.com/o/suite-2.jpeg?alt=media&token=6edbef03-2a20-4e43-aaaf-16923968e9d1"
      ],
      "description": "Voluptate non sit tempor consequat incididunt ipsum tempor in quis. Laborum laboris est culpa tempor proident ex dolor occaecat quis anim magna ad enim. Duis sint reprehenderit ea incididunt aliqua est cupidatat nulla.\n\nDolore irure dolor ipsum labore culpa occaecat. Officia veniam irure labore veniam sit ea commodo exercitation. Irure esse sint eiusmod sint cillum minim culpa esse ad reprehenderit. Do nulla voluptate sit occaecat veniam non quis labore culpa magna ea. Eiusmod ipsum veniam tempor nisi nulla. Magna voluptate anim minim ullamco sit.\n\nEx dolor non nulla commodo amet Lorem voluptate minim. Amet ad nostrud proident eu cupidatat elit consequat irure. Quis laboris nisi nisi mollit ipsum irure laborum Lorem excepteur. In est sunt sint enim id magna deserunt ad cillum."
    },
    {
      "id": "5b534f70-fb56-44b1-845b-9523b4229dfd",
      "number": 6,
      "type": "standard",
      "occupancy": 3,
      "isCheckedIn": false,
      "checkInDate": null,
      "price": 120,
      "guest": "",
      "features": [
        "Proident quis eiusmod ullamco tempor voluptate voluptate quis voluptate.",
        "Duis laborum Lorem nostrud sunt sunt et voluptate esse labore.",
        "Ad est ullamco fugiat ullamco elit irure incididunt officia do labore nulla ullamco incididunt reprehenderit.",
        "Dolore quis incididunt qui exercitation duis nulla exercitation ipsum sunt dolor.",
        "Aliquip ut culpa excepteur Lorem in est magna."
      ],
      "gallery": [
        "https://firebasestorage.googleapis.com/v0/b/hotel-da9e2.appspot.com/o/standard-1.jpeg?alt=media&token=2c4bc075-1775-4222-a67d-7e52d366b177",
        "https://firebasestorage.googleapis.com/v0/b/hotel-da9e2.appspot.com/o/standard-2.jpeg?alt=media&token=f8cc0f89-6fbd-40be-b147-5f56f5c2800f"
      ],
      "description": "Reprehenderit dolor irure qui in consequat Lorem reprehenderit sint consequat occaecat nisi tempor. Quis reprehenderit fugiat amet nostrud voluptate enim minim sunt enim laboris minim anim voluptate laboris. Magna duis minim nisi sint laboris est.\n\nConsequat est enim ipsum qui excepteur nulla qui nisi dolor consequat do. Pariatur sit elit ex cillum qui officia ad dolor ullamco est incididunt. Cillum ipsum consequat sint culpa nulla non reprehenderit fugiat proident cupidatat laboris officia. Qui eu elit mollit do ut elit.\n\nConsequat enim velit deserunt qui irure occaecat exercitation magna minim do esse nulla sint cillum. Et laboris laboris nostrud voluptate reprehenderit velit adipisicing tempor proident sit. Est irure laborum incididunt dolor exercitation nostrud aliqua irure ex. Pariatur commodo do nostrud ea culpa velit tempor duis aute ipsum in irure excepteur."
    },
    {
      "id": "6cf68a66-e8ea-4324-8414-6b4fba3e575a",
      "number": 7,
      "type": "deluxe",
      "occupancy": 4,
      "isCheckedIn": false,
      "checkInDate": null,
      "price": 250,
      "guest": "",
      "features": [
        "Nostrud eiusmod voluptate occaecat aliqua quis ullamco ipsum sunt ea ut.",
        "Lorem nulla in qui officia do id elit et aliquip officia nisi.",
        "Nisi nulla reprehenderit adipisicing nostrud velit dolore ea.",
        "Laborum laborum labore consequat exercitation nisi ad.",
        "Mollit officia esse labore deserunt qui enim ipsum duis pariatur."
      ],
      "gallery": [
        "https://firebasestorage.googleapis.com/v0/b/hotel-da9e2.appspot.com/o/deluxe-1.webp?alt=media&token=72667bca-165d-4c4d-a781-2299f0dce968",
        "https://firebasestorage.googleapis.com/v0/b/hotel-da9e2.appspot.com/o/deluxe-2.webp?alt=media&token=76ef6012-9d71-4487-b40d-d83634af20a1"
      ],
      "description": "Excepteur commodo pariatur occaecat aliquip reprehenderit sit dolore consectetur sint consequat sint pariatur qui excepteur. Aute mollit dolor labore cillum consequat minim amet eiusmod cillum. Consectetur incididunt qui consectetur ex eiusmod ullamco in cupidatat exercitation amet et veniam. Culpa veniam dolor occaecat nisi amet elit ut aliqua officia eiusmod non aliquip ea fugiat. Proident aliqua voluptate consectetur do reprehenderit amet. Ad adipisicing amet pariatur excepteur aute sint ex aute magna elit et id proident quis.\n\nConsequat eiusmod pariatur consequat adipisicing. Enim dolore aute ipsum velit tempor tempor ad aute non tempor esse. Elit do reprehenderit mollit dolor dolore eiusmod pariatur proident. Et velit officia fugiat duis.\n\nAdipisicing id labore culpa anim ut irure esse Lorem mollit consectetur officia adipisicing culpa aliquip. Amet sint esse commodo et consequat dolore deserunt ipsum minim esse reprehenderit minim. Eiusmod sit labore reprehenderit elit cillum ad amet sunt. Sint qui ullamco sit dolore aliqua deserunt voluptate eu cillum nulla fugiat excepteur laboris adipisicing. Cillum commodo aute aliqua cillum proident fugiat sunt quis non aliqua dolor non. Amet proident nisi voluptate cillum consectetur mollit aliqua commodo adipisicing consectetur reprehenderit culpa magna."
    },
    {
      "id": "d0763041-cc7a-45db-b51c-f52db854317a",
      "number": 8,
      "type": "deluxe",
      "occupancy": 3,
      "isCheckedIn": false,
      "checkInDate": null,
      "price": 220,
      "guest": "",
      "features": [
        "Incididunt fugiat enim anim reprehenderit commodo.",
        "Aute fugiat cillum proident laborum consectetur sint anim non amet id mollit.",
        "Incididunt enim voluptate velit et deserunt minim irure do ad adipisicing.",
        "Officia amet incididunt irure eu qui eu in id proident cillum commodo consequat amet.",
        "Lorem velit duis adipisicing elit."
      ],
      "gallery": [
        "https://firebasestorage.googleapis.com/v0/b/hotel-da9e2.appspot.com/o/deluxe-1.webp?alt=media&token=72667bca-165d-4c4d-a781-2299f0dce968",
        "https://firebasestorage.googleapis.com/v0/b/hotel-da9e2.appspot.com/o/deluxe-2.webp?alt=media&token=76ef6012-9d71-4487-b40d-d83634af20a1"
      ],
      "description": "Sit ad sit sint ipsum in in aliquip dolore id ullamco sunt reprehenderit. Sint labore velit proident exercitation Lorem. Sit esse velit duis irure cupidatat adipisicing aute qui duis ipsum est. Eu nisi enim cupidatat ad minim proident. Exercitation minim ad in est laborum magna. Incididunt veniam laborum esse velit non reprehenderit id occaecat qui. Id laboris enim aliqua irure cillum veniam esse minim irure occaecat nostrud.\n\nMagna deserunt mollit enim occaecat ex ea. Pariatur culpa duis cillum ad sunt minim magna ex. Commodo sint ea elit sint incididunt laborum anim.\n\nAute ut eiusmod qui dolore elit culpa voluptate pariatur elit nostrud laboris amet. In est ad id exercitation consequat sint culpa excepteur enim cupidatat. Deserunt eu dolore amet exercitation velit consectetur laboris proident. Lorem aute incididunt laborum sint minim mollit labore culpa aliquip irure."
    },
    {
      "id": "af6fef7b-aeac-433a-981c-30ce0cd2bec5",
      "number": 9,
      "type": "deluxe",
      "occupancy": 3,
      "isCheckedIn": true,
      "checkInDate": "2021-04-16",
      "price": 220,
      "guest": "Maggie Rollins",
      "features": [
        "Duis id qui reprehenderit enim do.",
        "Amet veniam deserunt ut commodo est fugiat culpa Lorem nisi occaecat proident do qui quis.",
        "Amet nostrud ipsum anim duis velit laborum aute mollit ut nostrud officia nisi voluptate.",
        "Ullamco consectetur labore Lorem sunt eiusmod proident aute aliqua.",
        "Voluptate in sit dolor officia veniam amet adipisicing magna."
      ],
      "gallery": [
        "https://firebasestorage.googleapis.com/v0/b/hotel-da9e2.appspot.com/o/deluxe-1.webp?alt=media&token=72667bca-165d-4c4d-a781-2299f0dce968",
        "https://firebasestorage.googleapis.com/v0/b/hotel-da9e2.appspot.com/o/deluxe-2.webp?alt=media&token=76ef6012-9d71-4487-b40d-d83634af20a1"
      ],
      "description": "In cupidatat proident reprehenderit duis laborum. Magna veniam incididunt amet officia consequat id id. Excepteur sint Lorem consectetur ullamco magna aute culpa ex commodo quis velit id id cillum. Commodo non laborum enim excepteur sint enim qui ipsum.\n\nLabore fugiat id officia eu incididunt amet commodo. Officia magna veniam minim magna. Anim reprehenderit irure velit Lorem nostrud occaecat eiusmod qui nulla.\n\nLabore anim cupidatat incididunt ullamco non exercitation aute ex nostrud excepteur tempor mollit laborum sit. Culpa deserunt magna laboris officia in aliquip reprehenderit ullamco velit cupidatat minim proident deserunt. Minim adipisicing do ea ad. Ut sint exercitation veniam irure fugiat."
    },
    {
      "id": "0b7e30f0-c0be-49d1-bbfa-c5607bc98f8b",
      "number": 10,
      "type": "deluxe",
      "occupancy": 4,
      "isCheckedIn": true,
      "checkInDate": "2021-04-24",
      "price": 250,
      "guest": "Barker Frost",
      "features": [
        "Exercitation pariatur eu officia anim cupidatat sit.",
        "Qui adipisicing est incididunt pariatur labore est nisi irure nisi exercitation dolor.",
        "Reprehenderit non est enim adipisicing mollit officia ut sint minim officia dolore ex.",
        "Dolore adipisicing enim excepteur proident tempor.",
        "Non ad aute pariatur dolore commodo nulla duis qui anim sit."
      ],
      "gallery": [
        "https://firebasestorage.googleapis.com/v0/b/hotel-da9e2.appspot.com/o/deluxe-1.webp?alt=media&token=72667bca-165d-4c4d-a781-2299f0dce968",
        "https://firebasestorage.googleapis.com/v0/b/hotel-da9e2.appspot.com/o/deluxe-2.webp?alt=media&token=76ef6012-9d71-4487-b40d-d83634af20a1"
      ],
      "description": "Nostrud pariatur eu eiusmod sit officia dolore ut est eiusmod. Fugiat in in duis laboris. Culpa duis tempor consectetur labore. Exercitation irure exercitation velit mollit ut dolor irure. Lorem labore deserunt ullamco est laboris eiusmod enim ad sunt laborum esse mollit pariatur.\n\nVoluptate commodo amet sit consequat qui Lorem eu pariatur fugiat elit minim nisi officia sit. Incididunt Lorem non fugiat in. Anim excepteur cupidatat esse enim magna reprehenderit nisi mollit.\n\nExcepteur eu eiusmod enim proident duis cupidatat enim. Aute sint anim sint cupidatat esse voluptate ut eu. Dolor ad fugiat nostrud Lorem aliqua esse. Laborum ipsum ipsum aliquip esse tempor tempor veniam in pariatur qui ex."
    },
    {
      "id": "f8198e41-285c-47eb-9f72-a06b27089b32",
      "number": 11,
      "type": "deluxe",
      "occupancy": 3,
      "isCheckedIn": false,
      "checkInDate": null,
      "price": 220,
      "guest": "",
      "features": [
        "Elit eu ipsum reprehenderit ex dolore reprehenderit laboris et id labore.",
        "Incididunt excepteur irure elit cillum veniam aliquip enim proident.",
        "Culpa culpa consectetur tempor pariatur qui ipsum et eu dolore excepteur dolor aute non adipisicing.",
        "Veniam anim ex irure elit dolore sint.",
        "Ullamco aliquip non amet cillum qui eu labore ullamco laboris elit."
      ],
      "gallery": [
        "https://firebasestorage.googleapis.com/v0/b/hotel-da9e2.appspot.com/o/deluxe-1.webp?alt=media&token=72667bca-165d-4c4d-a781-2299f0dce968",
        "https://firebasestorage.googleapis.com/v0/b/hotel-da9e2.appspot.com/o/deluxe-2.webp?alt=media&token=76ef6012-9d71-4487-b40d-d83634af20a1"
      ],
      "description": "Magna minim commodo cillum consequat aute Lorem aute fugiat velit. Magna magna aliqua incididunt nostrud aliqua ea cupidatat tempor esse amet culpa est. Do irure ut voluptate est ad aute laboris laboris voluptate proident cupidatat sint.\n\nQui quis velit incididunt nulla et cupidatat tempor. Irure sint aliqua ex aliqua voluptate duis tempor in magna cillum tempor. Non ex sunt nisi sunt enim cillum aliqua eiusmod adipisicing laborum pariatur. Et culpa ex ipsum incididunt cupidatat do laboris commodo mollit qui magna ea. Ex ut ea tempor sunt minim ad deserunt fugiat mollit excepteur sint consectetur do sunt. Incididunt elit Lorem velit velit ad dolore proident proident quis tempor sit in. Nulla exercitation cillum velit eu commodo.\n\nEsse duis eu qui esse et dolor proident. Sit ex adipisicing amet non ipsum ut cupidatat adipisicing do dolore laborum ut sit ex. Minim ea ipsum laborum velit id laboris occaecat aliqua elit culpa et. Amet ad esse et minim."
    },
    {
      "id": "c9131d70-9c50-4feb-96f7-ec60828669fe",
      "number": 12,
      "type": "suite",
      "occupancy": 2,
      "isCheckedIn": true,
      "checkInDate": "2021-04-03",
      "price": 300,
      "guest": "Macias Nash",
      "features": [
        "Pariatur quis in aliqua minim ex Lorem ullamco.",
        "Est sint adipisicing tempor magna.",
        "Amet ut qui veniam esse enim nostrud tempor elit excepteur velit deserunt.",
        "Labore sit tempor voluptate reprehenderit Lorem aliqua et velit cillum.",
        "Amet est fugiat mollit labore esse enim Lorem ad."
      ],
      "gallery": [
        "https://firebasestorage.googleapis.com/v0/b/hotel-da9e2.appspot.com/o/suite-1.jpeg?alt=media&token=d12d3799-31ef-424b-be92-dc6b482fba48",
        "https://firebasestorage.googleapis.com/v0/b/hotel-da9e2.appspot.com/o/suite-2.jpeg?alt=media&token=6edbef03-2a20-4e43-aaaf-16923968e9d1"
      ],
      "description": "Id consectetur est non voluptate est reprehenderit non. Sit consequat et eu sunt aliqua ex. Aliquip ad fugiat aliqua quis. Non magna ex dolore est deserunt reprehenderit reprehenderit sit est nostrud non excepteur. Non adipisicing Lorem consequat id irure eu proident exercitation qui ut id.\n\nConsectetur elit amet incididunt occaecat mollit aute ex. Lorem tempor veniam do fugiat sit quis voluptate irure ex irure cupidatat fugiat laborum quis. Pariatur tempor nostrud officia enim.\n\nCulpa exercitation eiusmod labore officia voluptate veniam ipsum duis aliqua ullamco labore sit ex. Dolore minim anim incididunt cillum officia in ullamco nisi labore voluptate laborum. Et nostrud reprehenderit qui ea deserunt consectetur. Sunt excepteur laborum occaecat ad ex ut excepteur sit duis nostrud ullamco do culpa. Ullamco eiusmod ex cupidatat ea eu esse ipsum qui quis qui dolor. Exercitation reprehenderit veniam aliquip aliqua qui nulla ut eu ex incididunt."
    },
    {
      "id": "ccc105cc-0735-4a7c-887c-6ff3c3ed9c4a",
      "number": 13,
      "type": "suite",
      "occupancy": 4,
      "isCheckedIn": true,
      "checkInDate": "2021-04-08",
      "price": 350,
      "guest": "Natalia Soto",
      "features": [
        "Ipsum non sunt officia laborum eiusmod officia sunt fugiat tempor eu labore mollit Lorem.",
        "Eiusmod proident cillum laboris non magna incididunt ipsum officia nisi commodo.",
        "Dolor culpa tempor laborum fugiat ex fugiat laborum nostrud aliquip nulla nisi ea qui dolore.",
        "Quis officia cupidatat elit veniam esse.",
        "Et reprehenderit ad cillum excepteur reprehenderit dolor qui anim sit."
      ],
      "gallery": [
        "https://firebasestorage.googleapis.com/v0/b/hotel-da9e2.appspot.com/o/suite-1.jpeg?alt=media&token=d12d3799-31ef-424b-be92-dc6b482fba48",
        "https://firebasestorage.googleapis.com/v0/b/hotel-da9e2.appspot.com/o/suite-2.jpeg?alt=media&token=6edbef03-2a20-4e43-aaaf-16923968e9d1"
      ],
      "description": "Quis aliquip minim ad officia ea anim officia proident magna tempor. Commodo voluptate proident eiusmod et in ex sit nulla velit qui. Tempor quis aute minim commodo irure qui minim minim tempor nisi irure eiusmod.\n\nExercitation enim consequat voluptate sint sit esse. Reprehenderit incididunt officia sit duis duis ullamco velit magna. Nostrud nulla sint nostrud amet nostrud ut aliqua quis aliqua dolor Lorem voluptate. Fugiat nisi est amet irure aliquip. Nisi aliquip aliquip veniam elit adipisicing sunt incididunt incididunt sit tempor veniam.\n\nNulla esse aute officia labore eiusmod non officia elit adipisicing culpa quis esse nulla nostrud. Lorem esse ipsum duis minim nisi labore voluptate non culpa culpa. Do laboris deserunt sit do dolor veniam in eu sit do eiusmod. Et deserunt dolor nisi Lorem laborum aute occaecat Lorem cupidatat nostrud laborum."
    },
    {
      "id": "81d83069-cf91-45d3-8ed7-f0bb64c05ab3",
      "number": 14,
      "type": "suite",
      "occupancy": 4,
      "isCheckedIn": false,
      "checkInDate": null,
      "price": 350,
      "guest": "",
      "features": [
        "Nisi culpa sunt adipisicing occaecat ad laboris.",
        "Cillum labore commodo incididunt enim esse pariatur aliquip quis do mollit sint.",
        "Nostrud dolore magna deserunt irure fugiat ipsum tempor eiusmod quis tempor esse ullamco dolor.",
        "Voluptate fugiat excepteur dolor occaecat nostrud irure esse magna culpa nulla laborum ex non irure.",
        "Et amet incididunt proident cupidatat labore."
      ],
      "gallery": [
        "https://firebasestorage.googleapis.com/v0/b/hotel-da9e2.appspot.com/o/suite-1.jpeg?alt=media&token=d12d3799-31ef-424b-be92-dc6b482fba48",
        "https://firebasestorage.googleapis.com/v0/b/hotel-da9e2.appspot.com/o/suite-2.jpeg?alt=media&token=6edbef03-2a20-4e43-aaaf-16923968e9d1"
      ],
      "description": "Velit minim ad do mollit eiusmod enim velit proident aliquip labore adipisicing voluptate minim cillum. Minim labore laborum dolore duis tempor ad deserunt nulla sit amet in et dolore pariatur. Pariatur voluptate aute consectetur esse. Velit non id Lorem esse amet eiusmod aute sint. Adipisicing laborum est commodo eiusmod incididunt commodo quis esse commodo deserunt anim eiusmod est culpa. Laboris consectetur pariatur dolore nisi ea qui velit non sunt enim non adipisicing consequat mollit.\n\nUt ipsum officia aliqua tempor cillum velit. Est adipisicing eu aliqua aute reprehenderit officia tempor enim cillum ut eu fugiat duis. Deserunt proident id dolore enim pariatur sunt laboris. Labore fugiat ex consequat dolor fugiat. Proident nisi eiusmod enim in incididunt minim ut ex dolore. Dolore exercitation anim laborum eiusmod enim laboris sint aute do ex ea eiusmod dolore occaecat.\n\nEsse laboris mollit sunt magna amet occaecat elit proident proident. Anim in labore ipsum sint adipisicing tempor commodo mollit dolor velit. Occaecat nulla quis consectetur minim amet excepteur ipsum minim. Aute culpa aliquip sit ullamco aute est mollit proident dolore voluptate nulla pariatur. Proident culpa aliquip aute non aute consectetur Lorem et et sint ut exercitation quis. Non ullamco proident enim occaecat et velit esse commodo do id non velit."
    },
    {
      "id": "f78ba93f-5c57-46b8-bebc-1536ca46459b",
      "number": 15,
      "type": "standard",
      "occupancy": 2,
      "isCheckedIn": false,
      "checkInDate": null,
      "price": 100,
      "guest": "",
      "features": [
        "Anim quis nulla anim dolore duis labore minim proident cupidatat est aliqua ipsum id.",
        "Sit laboris est pariatur aliqua aute amet ipsum laborum sit culpa adipisicing ad mollit excepteur.",
        "Irure elit amet laboris ea.",
        "Laboris culpa sunt sint qui esse nulla exercitation aliqua Lorem nisi ex id.",
        "Irure non eiusmod cupidatat aute do ea deserunt."
      ],
      "gallery": [
        "https://firebasestorage.googleapis.com/v0/b/hotel-da9e2.appspot.com/o/standard-1.jpeg?alt=media&token=2c4bc075-1775-4222-a67d-7e52d366b177",
        "https://firebasestorage.googleapis.com/v0/b/hotel-da9e2.appspot.com/o/standard-2.jpeg?alt=media&token=f8cc0f89-6fbd-40be-b147-5f56f5c2800f"
      ],
      "description": "Eu deserunt esse qui laboris minim fugiat id do officia et eiusmod. Cillum commodo aute excepteur anim tempor. Commodo eiusmod aliquip magna in duis et qui sunt reprehenderit occaecat aliquip. Sunt dolor exercitation est deserunt laborum sint dolore exercitation consequat ut occaecat nisi quis non.\n\nLabore magna incididunt mollit culpa ullamco aliquip eiusmod nisi tempor ut non anim veniam. Adipisicing dolore ullamco non cillum sunt. Consequat cillum ex do officia ut tempor. Officia labore do voluptate sunt velit minim. Occaecat ad incididunt mollit id. Fugiat officia eiusmod proident mollit consequat nisi tempor ea deserunt proident.\n\nFugiat minim irure enim non anim fugiat labore ut esse. Cupidatat ut laborum duis velit. Ipsum deserunt quis officia nostrud veniam deserunt ad do. Est aliqua culpa consectetur ullamco deserunt ut irure officia minim adipisicing nisi deserunt."
    },
    {
      "id": "4a0c7442-198e-4d5c-b9bf-96a5b8d359cd",
      "number": 16,
      "type": "suite",
      "occupancy": 4,
      "isCheckedIn": true,
      "checkInDate": "2021-04-20",
      "price": 350,
      "guest": "Page Walton",
      "features": [
        "Aute consectetur qui sit aliqua.",
        "Nisi aute quis esse dolor cupidatat duis non ex qui.",
        "Eiusmod consequat duis exercitation eu enim.",
        "Excepteur labore elit aliqua nisi ea.",
        "Laborum velit duis in cillum sint nostrud sit cillum ullamco irure eiusmod aliquip fugiat."
      ],
      "gallery": [
        "https://firebasestorage.googleapis.com/v0/b/hotel-da9e2.appspot.com/o/suite-1.jpeg?alt=media&token=d12d3799-31ef-424b-be92-dc6b482fba48",
        "https://firebasestorage.googleapis.com/v0/b/hotel-da9e2.appspot.com/o/suite-2.jpeg?alt=media&token=6edbef03-2a20-4e43-aaaf-16923968e9d1"
      ],
      "description": "Velit nostrud consequat sunt culpa deserunt. Officia irure nisi nulla commodo mollit quis nulla nostrud. Enim cupidatat proident incididunt sint non amet ea occaecat non laboris adipisicing excepteur cillum.\n\nExcepteur tempor cupidatat et adipisicing occaecat laborum mollit sunt culpa excepteur eu. Deserunt ipsum id aliquip ut excepteur. Reprehenderit Lorem voluptate sint Lorem amet esse adipisicing dolore id incididunt nostrud esse elit. Cupidatat tempor laboris non labore laborum sit excepteur nisi ullamco anim do nostrud.\n\nExercitation do aliquip et laboris. Dolore ipsum ullamco Lorem ut veniam anim. Laboris non est voluptate anim ea labore nostrud nostrud anim. Adipisicing quis enim aliqua dolor nisi proident do incididunt culpa et. Reprehenderit quis ad nisi laboris Lorem non cupidatat excepteur eu. Nulla eiusmod voluptate id laboris laborum incididunt proident do consectetur et id aliqua laboris eiusmod. In ut enim nostrud consectetur magna voluptate ut dolore consequat."
    },
    {
      "id": "69ad66f8-3d59-4a5c-9de7-daf51fe5e3be",
      "number": 17,
      "type": "deluxe",
      "occupancy": 2,
      "isCheckedIn": true,
      "checkInDate": "2021-04-08",
      "price": 200,
      "guest": "Shelia Sanders",
      "features": [
        "Id excepteur mollit est ut labore nisi enim duis dolore laboris aliqua sunt consectetur.",
        "Et eu veniam pariatur Lorem elit.",
        "Ullamco sint minim voluptate est cillum et reprehenderit occaecat ullamco.",
        "Mollit tempor ad occaecat eu exercitation nostrud id nostrud irure aliqua.",
        "Mollit excepteur labore quis irure velit id dolore dolor elit amet irure cillum."
      ],
      "gallery": [
        "https://firebasestorage.googleapis.com/v0/b/hotel-da9e2.appspot.com/o/deluxe-1.webp?alt=media&token=72667bca-165d-4c4d-a781-2299f0dce968",
        "https://firebasestorage.googleapis.com/v0/b/hotel-da9e2.appspot.com/o/deluxe-2.webp?alt=media&token=76ef6012-9d71-4487-b40d-d83634af20a1"
      ],
      "description": "Consequat eiusmod sit fugiat culpa laboris ad laboris proident. Culpa dolor reprehenderit duis mollit exercitation eu magna in. Non elit laboris est in cillum sint Lorem qui mollit. Sunt amet nulla do officia eu magna. Sint aute mollit ullamco enim. Cupidatat eu id est sunt ea tempor laboris.\n\nQui proident esse elit proident fugiat deserunt labore excepteur labore culpa anim mollit exercitation. Voluptate tempor enim ut adipisicing et aliquip enim minim eu eu nisi officia. Nulla laboris ullamco dolor occaecat. Culpa Lorem enim Lorem consequat do. Cillum do deserunt fugiat nisi dolor amet officia occaecat in pariatur non.\n\nIpsum adipisicing nulla qui duis dolore. Occaecat sit nostrud cupidatat fugiat velit do dolore ea occaecat eu proident ex. Minim elit id elit amet in voluptate veniam Lorem deserunt. Irure ut elit ut sit eu do in ad nulla consequat."
    },
    {
      "id": "98074294-981e-4f4b-92ae-2e03b1a750a2",
      "number": 18,
      "type": "suite",
      "occupancy": 2,
      "isCheckedIn": true,
      "checkInDate": "2021-04-13",
      "price": 300,
      "guest": "Morgan Reed",
      "features": [
        "Aliquip cillum eiusmod irure proident.",
        "Irure ut reprehenderit amet duis velit elit nulla deserunt occaecat eiusmod cillum.",
        "Fugiat nisi Lorem officia Lorem ex quis commodo ullamco sit pariatur pariatur cillum.",
        "Laborum exercitation nostrud consequat dolor commodo velit.",
        "Minim eu est ex dolor nulla."
      ],
      "gallery": [
        "https://firebasestorage.googleapis.com/v0/b/hotel-da9e2.appspot.com/o/suite-1.jpeg?alt=media&token=d12d3799-31ef-424b-be92-dc6b482fba48",
        "https://firebasestorage.googleapis.com/v0/b/hotel-da9e2.appspot.com/o/suite-2.jpeg?alt=media&token=6edbef03-2a20-4e43-aaaf-16923968e9d1"
      ],
      "description": "Excepteur et sint aliquip proident eiusmod sit laborum reprehenderit pariatur aliqua. Ipsum laboris aliquip sit dolor amet deserunt irure nostrud dolore. Do do ullamco consequat eu veniam id nostrud officia nostrud officia. Aliqua officia nulla commodo commodo qui ad sint ad aliquip dolor velit ad tempor.\n\nConsequat elit laborum occaecat do sunt dolor. Sit veniam quis labore tempor aliqua aute aliquip est minim id quis elit esse ullamco. Nisi cupidatat nostrud do aliquip eiusmod incididunt incididunt officia aliqua. Et cupidatat pariatur mollit fugiat aliquip excepteur duis ad culpa officia proident incididunt minim consectetur.\n\nExcepteur est mollit id minim aliquip sunt nisi voluptate esse. Pariatur aute ea pariatur amet officia commodo consectetur irure ea sunt velit culpa. Tempor minim cillum sit eiusmod ex eu ad. Cupidatat mollit eu qui enim voluptate ea. Velit aliquip officia ea anim duis cupidatat sunt fugiat. Cupidatat aliqua qui adipisicing Lorem deserunt laboris commodo ad sint amet in tempor duis."
    },
    {
      "id": "4efb396b-8633-49e0-8223-b2c335b98480",
      "number": 19,
      "type": "standard",
      "occupancy": 2,
      "isCheckedIn": true,
      "checkInDate": "2021-04-03",
      "price": 100,
      "guest": "Delgado Santana",
      "features": [
        "Ad occaecat deserunt do et sint enim voluptate deserunt qui nisi sit do.",
        "Qui do enim sunt Lorem cupidatat qui nisi pariatur.",
        "Velit commodo do fugiat aute Lorem nisi ut adipisicing voluptate magna veniam commodo ullamco.",
        "Ea laboris tempor commodo excepteur id pariatur esse.",
        "Commodo consequat ex ex ipsum consequat."
      ],
      "gallery": [
        "https://firebasestorage.googleapis.com/v0/b/hotel-da9e2.appspot.com/o/standard-1.jpeg?alt=media&token=2c4bc075-1775-4222-a67d-7e52d366b177",
        "https://firebasestorage.googleapis.com/v0/b/hotel-da9e2.appspot.com/o/standard-2.jpeg?alt=media&token=f8cc0f89-6fbd-40be-b147-5f56f5c2800f"
      ],
      "description": "Ex labore exercitation pariatur est cillum aute non non enim minim sit. Non eiusmod in qui esse enim fugiat. Elit ex dolore magna aliqua. Minim Lorem ea esse non ea excepteur. Aliqua quis non ipsum aliqua irure aliqua pariatur pariatur duis mollit elit et adipisicing.\n\nVeniam dolore culpa culpa laboris elit dolor eiusmod. Incididunt ut laboris aute cupidatat proident laborum consequat aliquip. Adipisicing aliqua ipsum adipisicing do mollit ullamco nisi sint qui mollit tempor eiusmod.\n\nSint est id aute quis id enim esse pariatur. Nulla duis anim veniam ut ea ea veniam ut mollit velit tempor ea pariatur. Dolor voluptate eu consectetur esse cillum."
    },
    {
      "id": "fdc7c6ad-081f-43c0-945d-bb14d95fd397",
      "number": 20,
      "type": "deluxe",
      "occupancy": 3,
      "isCheckedIn": true,
      "checkInDate": "2021-04-16",
      "price": 220,
      "guest": "Horne Downs",
      "features": [
        "Voluptate mollit aliqua sint aute reprehenderit et enim mollit aute nulla exercitation reprehenderit.",
        "Non est pariatur qui magna eu dolore reprehenderit exercitation aute elit.",
        "Culpa magna est duis velit consequat esse esse ea veniam.",
        "Aliqua sunt anim excepteur nisi sit minim irure.",
        "Nostrud aliquip laboris laborum id esse duis anim qui anim dolore."
      ],
      "gallery": [
        "https://firebasestorage.googleapis.com/v0/b/hotel-da9e2.appspot.com/o/deluxe-1.webp?alt=media&token=72667bca-165d-4c4d-a781-2299f0dce968",
        "https://firebasestorage.googleapis.com/v0/b/hotel-da9e2.appspot.com/o/deluxe-2.webp?alt=media&token=76ef6012-9d71-4487-b40d-d83634af20a1"
      ],
      "description": "Esse sit enim aute Lorem in eiusmod. Anim laborum exercitation fugiat deserunt laboris ea qui culpa minim adipisicing ipsum eiusmod sunt incididunt. In adipisicing anim amet ex anim nostrud amet anim. Ullamco cillum id reprehenderit qui amet Lorem magna nulla esse do. Non eu enim elit amet. Qui consequat laboris ea excepteur reprehenderit irure et anim nulla velit sint mollit consectetur eu.\n\nSunt ipsum eiusmod ea et culpa eu velit culpa nostrud enim mollit. Duis sint qui pariatur ex cupidatat dolor laboris nostrud ea tempor ut esse proident. Quis voluptate laborum ut velit voluptate ex velit elit veniam tempor id. Minim commodo eiusmod nisi aliquip deserunt enim sunt nostrud eiusmod.\n\nIrure culpa amet esse tempor nisi cillum consectetur eu esse cupidatat commodo anim dolore. Velit aute aute cillum nulla est non. Eiusmod laboris dolore ipsum excepteur magna. Mollit commodo eu sit nisi aute consectetur aute aliqua aliqua anim ea deserunt. Deserunt veniam adipisicing velit reprehenderit tempor nostrud consectetur magna veniam."
    }
  ]
}